45001,Abbeville,440
22001,Acadia,608
51001,Accomack,216
16001,Ada,1038
21001,Adair,1270
40001,Adair,902
19001,Adair,730
29001,Adair,684
17001,Adams,1268
39001,Adams,1180
18001,Adams,939
42001,Adams,803
31001,Adams,575
19003,Adams,536
8001,Adams,514
53001,Adams,416
38001,Adams,294
55001,Adams,289
16003,Adams,247
28001,Adams,111
50001,Addison,544
45003,Aiken,593
27001,Aitkin,521
12001,Alachua,946
37001,Alamance,648
6001,Alameda,400
8003,Alamosa,242
430,ALASKA,
36001,Albany,336
56001,Albany,205
51003,Albemarle,659
26001,Alcona,194
28003,Alcorn,351
2013,Aleutians East,0
2016,Aleutians West,14
37003,Alexander,464
17003,Alexander,145
51510,Alexandria,0
40003,Alfalfa,663
26003,Alger,53
19005,Allamakee,838
26005,Allegan,1251
36003,Allegany,607
24001,Allegany,195
37005,Alleghany,441
51005,Alleghany,141
42003,Allegheny,295
18003,Allen,1223
21003,Allen,1050
39003,Allen,811
20001,Allen,573
22003,Allen,324
45005,Allendale,99
26007,Alpena,360
6003,Alpine,3
6005,Amador,310
51007,Amelia,248
51009,Amherst,387
28005,Amite,410
2020,Anchorage,182
48001,Anderson,1368
45007,Anderson,979
21005,Anderson,659
20003,Anderson,619
47001,Anderson,404
29003,Andrew,734
48003,Andrews,109
23001,Androscoggin,253
48005,Angelina,632
24003,Anne Arundel,415
27003,Anoka,454
37007,Anson,298
31003,Antelope,750
26009,Antrim,217
4001,Apache,255
19007,Appanoose,738
13001,Appling,475
51011,Appomattox,314
48007,Aransas,37
8005,Arapahoe,214
48009,Archer,358
8007,Archuleta,127
26011,Arenac,248
5001,Arkansas,295
51013,Arlington,2
42005,Armstrong,591
48011,Armstrong,182
23003,Aroostook,727
31005,Arthur,62
22005,Ascension,282
37009,Ashe,932
39005,Ashland,839
55003,Ashland,177
5003,Ashley,218
39007,Ashtabula,919
53003,Asotin,107
22007,Assumption,47
48013,Atascosa,1074
20005,Atchison,588
29005,Atchison,375
39009,Athens,462
13003,Atkinson,217
34001,Atlantic,311
40005,Atoka,912
28007,Attala,354
29007,Audrain,895
19009,Audubon,659
39011,Auglaize,854
51015,Augusta,1324
46003,Aurora,388
48015,Austin,1579
1001,Autauga,291
37011,Avery,220
22009,Avoyelles,854
8009,Baca,462
13005,Bacon,314
48017,Bailey,319
41001,Baker,487
12003,Baker,171
13007,Baker,104
1003,Baldwin,792
13009,Baldwin,103
21007,Ballard,403
24005,Baltimore,659
24510,Baltimore city,0
45009,Bamberg,214
48019,Bandera,495
13011,Banks,440
31007,Banner,138
16005,Bannock,507
26013,Baraga,55
20007,Barber,389
54001,Barbour,403
1005,Barbour,376
38003,Barnes,725
25001,Barnstable,110
45011,Barnwell,243
21009,Barren,1913
55005,Barron,1338
13013,Barrow,346
29009,Barry,1428
26015,Barry,734
18005,Bartholomew,535
29011,Barton,755
20009,Barton,656
13015,Bartow,343
48021,Bastrop,1490
29013,Bates,1073
21011,Bath,717
51017,Bath,102
5005,Baxter,400
26017,Bay,676
12005,Bay,52
55007,Bayfield,315
48023,Baylor,244
46005,Beadle,740
16007,Bear Lake,356
37013,Beaufort,380
45013,Beaufort,93
22011,Beauregard,663
40007,Beaver,611
42007,Beaver,464
49001,Beaver,170
30001,Beaverhead,209
27005,Becker,914
40009,Beckham,654
47003,Bedford,1157
51019,Bedford,1095
42009,Bedford,841
51515,Bedford,0
48025,Bee,579
33001,Belknap,127
48027,Bell,1455
21013,Bell,55
39013,Belmont,562
27007,Beltrami,587
13017,Ben Hill,168
16009,Benewah,164
46007,Bennett,234
50003,Bennington,124
38005,Benson,568
8011,Bent,222
5007,Benton,2025
19011,Benton,1113
53005,Benton,928
27009,Benton,786
29015,Benton,762
41003,Benton,579
18007,Benton,400
47005,Benton,330
28009,Benton,183
26019,Benzie,108
34003,Bergen,83
54003,Berkeley,408
45015,Berkeley,278
42011,Berks,1358
25003,Berkshire,271
35001,Bernalillo,441
26021,Berrien,1181
13019,Berrien,397
37015,Bertie,361
2050,Bethel,0
48029,Bexar,1666
1007,Bibb,158
13021,Bibb,114
22013,Bienville,244
56003,Big Horn,419
30003,Big Horn,374
27011,Big Stone,399
38007,Billings,214
16011,Bingham,1088
19013,Black Hawk,909
18009,Blackford,230
37017,Bladen,531
40011,Blaine,676
30005,Blaine,409
16013,Blaine,168
31009,Blaine,93
42013,Blair,349
48031,Blanco,496
51021,Bland,299
13023,Bleckley,179
47007,Bledsoe,443
1009,Blount,1029
47009,Blount,929
27013,Blue Earth,959
16015,Boise,55
28011,Bolivar,265
29017,Bollinger,709
46009,Bon Homme,687
17005,Bond,547
16017,Bonner,436
16019,Bonneville,645
29019,Boone,1101
5009,Boone,1095
19015,Boone,726
21015,Boone,682
31011,Boone,678
18011,Boone,581
17007,Boone,433
54005,Boone,35
48033,Borden,99
48035,Bosque,885
22015,Bossier,341
51023,Botetourt,455
38009,Bottineau,682
8013,Boulder,622
16021,Boundary,242
21017,Bourbon,732
20011,Bourbon,715
48037,Bowie,894
38011,Bowman,303
31013,Box Butte,442
49003,Box Elder,852
31015,Boyd,360
21019,Boyd,190
21021,Boyle,606
21023,Bracken,588
42015,Bradford,1167
12007,Bradford,278
47011,Bradley,644
5011,Bradley,220
26023,Branch,857
13025,Brantley,220
54007,Braxton,275
48039,Brazoria,1286
48041,Brazos,878
21025,Breathitt,247
21027,Breckinridge,1309
19017,Bremer,950
12009,Brevard,383
48043,Brewster,87
48045,Briscoe,192
25005,Bristol,426
44001,Bristol,21
51520,Bristol,0
2060,Bristol Bay,0
30007,Broadwater,159
36005,Bronx,0
54009,Brooke,71
46011,Brookings,826
13027,Brooks,379
48047,Brooks,239
36007,Broome,454
8014,Broomfield,0
12011,Broward,237
39015,Brown,1298
27015,Brown,1049
48049,Brown,986
55009,Brown,973
46013,Brown,937
20013,Brown,574
17009,Brown,316
31017,Brown,271
18013,Brown,155
46015,Brule,360
51025,Brunswick,290
37019,Brunswick,195
40013,Bryan,1240
13029,Bryan,49
19019,Buchanan,1022
29021,Buchanan,633
51027,Buchanan,90
51029,Buckingham,301
42017,Bucks,547
19021,Buena Vista,793
51530,Buena Vista,0
31019,Buffalo,920
55011,Buffalo,830
46017,Buffalo,67
21029,Bullitt,527
13031,Bulloch,464
1011,Bullock,237
37021,Buncombe,990
17011,Bureau,1057
38013,Burke,433
37023,Burke,312
13033,Burke,264
38015,Burleigh,721
48051,Burleson,1162
34005,Burlington,672
48053,Burnet,864
55013,Burnett,338
31021,Burt,477
20015,Butler,1112
19023,Butler,1006
42019,Butler,920
39017,Butler,786
31023,Butler,695
29023,Butler,660
21031,Butler,576
1013,Butler,421
6007,Butte,1511
46019,Butte,458
16023,Butte,147
13035,Butts,123
37025,Cabarrus,391
54011,Cabell,300
49005,Cache,926
40015,Caddo,1277
22017,Caddo,403
6009,Calaveras,381
22019,Calcasieu,637
48055,Caldwell,860
29025,Caldwell,733
21033,Caldwell,467
37027,Caldwell,292
22021,Caldwell,210
50005,Caledonia,387
26025,Calhoun,954
19025,Calhoun,783
1015,Calhoun,522
17013,Calhoun,412
28013,Calhoun,347
45017,Calhoun,225
48057,Calhoun,208
54013,Calhoun,153
12013,Calhoun,111
5013,Calhoun,109
13037,Calhoun,92
48059,Callahan,674
29027,Callaway,1166
21035,Calloway,630
55015,Calumet,672
24009,Calvert,367
16025,Camas,69
42021,Cambria,459
29029,Camden,527
34007,Camden,152
37029,Camden,69
13039,Camden,43
48061,Cameron,722
22023,Cameron,405
42023,Cameron,23
48063,Camp,379
51031,Campbell,550
21037,Campbell,470
56005,Campbell,403
47013,Campbell,393
46021,Campbell,273
40017,Canadian,908
13043,Candler,206
47015,Cannon,659
16027,Canyon,1623
29031,Cape Girardeau,1038
34009,Cape May,146
30009,Carbon,506
56007,Carbon,182
49007,Carbon,155
42025,Carbon,129
16029,Caribou,304
21039,Carlisle,277
27017,Carlton,482
24011,Caroline,504
51033,Caroline,154
19027,Carroll,1023
24013,Carroll,961
5015,Carroll,959
51035,Carroll,807
29033,Carroll,785
13045,Carroll,734
47017,Carroll,712
39019,Carroll,629
17015,Carroll,542
18015,Carroll,520
28015,Carroll,344
21041,Carroll,285
33003,Carroll,138
48065,Carson,275
32510,Carson City city,21
40019,Carter,925
21043,Carter,882
47019,Carter,610
30011,Carter,235
29035,Carter,184
37031,Carteret,92
27019,Carver,773
30013,Cascade,614
21045,Casey,1294
29037,Cass,1370
38017,Cass,824
19029,Cass,777
48067,Cass,754
18017,Cass,690
26027,Cass,632
31025,Cass,624
27021,Cass,557
17017,Cass,334
16031,Cassia,614
48069,Castro,368
37033,Caswell,527
22025,Catahoula,354
37035,Catawba,454
13047,Catoosa,224
35003,Catron,200
36009,Cattaraugus,832
38019,Cavalier,628
36011,Cayuga,741
24015,Cecil,386
31027,Cedar,906
19031,Cedar,894
29039,Cedar,760
42027,Centre,650
19033,Cerro Gordo,677
8015,Chaffee,131
1017,Chambers,314
48071,Chambers,262
17019,Champaign,1249
39021,Champaign,738
29041,Chariton,876
24017,Charles,433
51036,Charles City,54
46023,Charles Mix,691
45019,Charleston,179
26029,Charlevoix,180
51037,Charlotte,409
12015,Charlotte,139
51540,Charlottesville,0
13049,Charlton,69
31029,Chase,275
20017,Chase,236
37037,Chatham,837
13051,Chatham,31
13053,Chattahoochee,14
13055,Chattooga,226
36013,Chautauqua,1516
20019,Chautauqua,340
35005,Chaves,458
47021,Cheatham,445
26031,Cheboygan,161
53007,Chelan,964
36015,Chemung,257
36017,Chenango,693
48073,Cherokee,1304
40021,Cherokee,905
19035,Cherokee,820
20021,Cherokee,694
13057,Cherokee,432
1019,Cherokee,384
45021,Cherokee,334
37039,Cherokee,203
31031,Cherry,517
51550,Chesapeake,148
33005,Cheshire,193
42029,Chester,1057
45023,Chester,357
47023,Chester,318
45025,Chesterfield,426
51041,Chesterfield,119
31033,Cheyenne,530
20023,Cheyenne,343
8017,Cheyenne,243
19037,Chickasaw,869
28017,Chickasaw,406
5017,Chicot,233
48075,Childress,199
1021,Chilton,603
55017,Chippewa,1395
27023,Chippewa,621
26033,Chippewa,298
27025,Chisago,718
50007,Chittenden,345
40023,Choctaw,783
1023,Choctaw,200
28019,Choctaw,182
30015,Chouteau,456
37041,Chowan,140
29043,Christian,1192
21047,Christian,992
17021,Christian,736
32001,Churchill,460
35006,Cibola,153
40025,Cimarron,353
12017,Citrus,258
41005,Clackamas,2842
47025,Claiborne,1353
22027,Claiborne,227
28021,Claiborne,164
53009,Clallam,297
26035,Clare,270
45027,Clarendon,327
42031,Clarion,400
55019,Clark,1830
53011,Clark,1173
21049,Clark,783
39023,Clark,628
17023,Clark,600
18019,Clark,574
46025,Clark,546
29045,Clark,529
5019,Clark,312
20025,Clark,194
32003,Clark,183
16033,Clark,52
19039,Clarke,606
28023,Clarke,292
51043,Clarke,260
1025,Clarke,196
13059,Clarke,54
41007,Clatsop,210
27027,Clay,691
48077,Clay,680
19041,Clay,620
17025,Clay,601
29047,Clay,576
20027,Clay,534
18021,Clay,499
5021,Clay,492
31035,Clay,486
21051,Clay,457
47027,Clay,452
46027,Clay,376
1027,Clay,341
28025,Clay,314
12019,Clay,182
37043,Clay,146
54015,Clay,88
13061,Clay,39
19043,Clayton,1287
13063,Clayton,48
8019,Clear Creek,10
42033,Clearfield,305
27029,Clearwater,533
16035,Clearwater,186
5023,Cleburne,607
1029,Cleburne,316
39025,Clermont,721
40027,Cleveland,777
37045,Cleveland,639
5025,Cleveland,194
51560,Clifton Forge,0
13065,Clinch,81
19045,Clinton,1157
26037,Clinton,1053
17027,Clinton,811
21053,Clinton,639
39027,Clinton,632
29049,Clinton,630
18023,Clinton,520
36019,Clinton,399
42035,Clinton,224
20029,Cloud,525
28027,Coahoma,122
40029,Coal,489
13067,Cobb,120
4003,Cochise,652
48079,Cochran,182
47029,Cocke,864
4005,Coconino,204
46029,Codington,547
47031,Coffee,761
1031,Coffee,674
13069,Coffee,644
20031,Coffey,530
48081,Coke,314
1033,Colbert,440
29051,Cole,920
48083,Coleman,664
17029,Coles,618
31037,Colfax,598
35007,Colfax,227
45029,Colleton,458
12021,Collier,144
48085,Collin,1110
48087,Collingsworth,400
51570,Colonial Heights,0
48089,Colorado,1274
13071,Colquitt,594
55021,Columbia,1221
41009,Columbia,619
42037,Columbia,533
12023,Columbia,472
36021,Columbia,360
5027,Columbia,287
13073,Columbia,135
53013,Columbia,131
39029,Columbiana,878
37047,Columbus,1001
6011,Colusa,568
48091,Comal,561
48093,Comanche,1244
40031,Comanche,841
20033,Comanche,199
48095,Concho,337
22029,Concordia,267
1035,Conecuh,302
8021,Conejos,374
6013,Contra Costa,565
56009,Converse,222
5029,Conway,639
13075,Cook,236
17031,Cook,190
27031,Cook,5
48097,Cooke,1160
29053,Cooper,752
41011,Coos,613
33007,Coos,156
1037,Coosa,187
28029,Copiah,454
46031,Corson,391
36023,Cortland,411
48099,Coryell,889
39031,Coshocton,720
8023,Costilla,159
48101,Cottle,139
40033,Cotton,489
27033,Cottonwood,756
1039,Covington,728
28031,Covington,451
51580,Covington,0
13077,Coweta,309
20035,Cowley,877
53015,Cowlitz,343
40035,Craig,965
51045,Craig,154
5031,Craighead,626
48103,Crane,42
37049,Craven,265
19047,Crawford,1071
42039,Crawford,1008
55023,Crawford,833
5033,Crawford,740
20037,Crawford,721
39033,Crawford,648
29055,Crawford,613
17033,Crawford,479
18025,Crawford,358
13079,Crawford,107
26039,Crawford,17
40037,Creek,1048
1041,Crenshaw,426
13081,Crisp,168
21055,Crittenden,455
5035,Crittenden,180
47033,Crockett,355
48105,Crockett,112
41013,Crook,418
56011,Crook,345
48107,Crosby,275
5037,Cross,268
27035,Crow Wing,459
8025,Crowley,179
48109,Culberson,58
1043,Cullman,1953
51047,Culpeper,396
42041,Cumberland,850
47035,Cumberland,598
17035,Cumberland,565
21057,Cumberland,546
34011,Cumberland,499
37051,Cumberland,390
23005,Cumberland,369
51049,Cumberland,202
31039,Cuming,890
37053,Currituck,67
35009,Curry,460
41015,Curry,145
31041,Custer,1150
40039,Custer,731
30017,Custer,300
46033,Custer,279
16037,Custer,213
8027,Custer,106
39035,Cuyahoga,88
29057,Dade,765
13083,Dade,178
49009,Daggett,25
27037,Dakota,744
31043,Dakota,253
1045,Dale,373
48111,Dallam,226
29059,Dallas,1004
19049,Dallas,781
48113,Dallas,585
1047,Dallas,345
5039,Dallas,102
55025,Dane,2144
30019,Daniels,261
51590,Danville,0
37055,Dare,3
39037,Darke,1669
45031,Darlington,298
42043,Dauphin,511
37057,Davidson,793
47037,Davidson,400
37059,Davie,474
21059,Daviess,1075
18027,Daviess,962
29061,Daviess,732
19051,Davis,790
49011,Davis,474
46035,Davison,410
31045,Dawes,381
31047,Dawson,640
48115,Dawson,370
30021,Dawson,346
13085,Dawson,161
46037,Day,634
35011,De Baca,149
22031,De Soto,511
17039,De Witt,422
48117,Deaf Smith,465
18029,Dearborn,657
18031,Decatur,562
19053,Decatur,561
47039,Decatur,404
20039,Decatur,331
13087,Decatur,288
30023,Deer Lodge,56
39039,Defiance,707
1049,DeKalb,1744
17037,DeKalb,742
47041,DeKalb,702
29063,DeKalb,651
18033,DeKalb,582
13089,DeKalb,43
6015,Del Norte,69
19055,Delaware,1140
40041,Delaware,1072
18035,Delaware,606
36025,Delaware,604
39041,Delaware,572
42045,Delaware,48
8029,Delta,806
48119,Delta,344
26041,Delta,204
2068,Denali,0
29065,Dent,651
48121,Denton,1366
8031,Denver,12
19057,Des Moines,562
41017,Deschutes,954
5041,Desha,201
12027,DeSoto,576
28033,DeSoto,432
46039,Deuel,560
31049,Deuel,191
40043,Dewey,591
46041,Dewey,334
48123,DeWitt,1347
48125,Dickens,230
51051,Dickenson,91
38021,Dickey,492
20041,Dickinson,823
19059,Dickinson,474
26043,Dickinson,85
47043,Dickson,920
2070,Dillingham,0
45033,Dillon,211
48127,Dimmit,170
51053,Dinwiddie,306
0,District of Columbia,
38023,Divide,466
12029,Dixie,98
31051,Dixon,536
54017,Doddridge,241
55027,Dodge,1669
31053,Dodge,698
27039,Dodge,626
13091,Dodge,364
8033,Dolores,116
35013,Dona Ana,1062
20043,Doniphan,437
48129,Donley,275
13093,Dooly,183
55029,Door,678
24019,Dorchester,283
45035,Dorchester,267
13095,Dougherty,145
41019,Douglas,1647
29067,Douglas,1096
27041,Douglas,874
20045,Douglas,730
53017,Douglas,674
17041,Douglas,564
8035,Douglas,450
46043,Douglas,409
31055,Douglas,305
55031,Douglas,234
32005,Douglas,140
13097,Douglas,93
5043,Drew,258
18037,Dubois,730
19061,Dubuque,1352
49013,Duchesne,643
25007,Dukes,43
31057,Dundy,234
29069,Dunklin,451
55033,Dunn,1207
38025,Dunn,579
17043,DuPage,61
37061,Duplin,1183
37063,Durham,128
36027,Dutchess,369
48131,Duval,852
12031,Duval,319
47045,Dyer,443
8037,Eagle,94
13099,Early,254
22033,East Baton Rouge,457
22035,East Carroll,163
22037,East Feliciana,418
48133,Eastland,1006
26045,Eaton,973
55035,Eau Claire,830
13101,Echols,75
48135,Ector,167
35015,Eddy,398
38027,Eddy,274
17045,Edgar,706
37065,Edgecombe,293
45037,Edgefield,221
21061,Edmonson,655
46045,Edmunds,436
17047,Edwards,280
20047,Edwards,274
48137,Edwards,201
17049,Effingham,956
13103,Effingham,163
6017,El Dorado,615
8041,El Paso,631
48141,El Paso,358
8039,Elbert,621
13105,Elbert,282
20049,Elk,320
42047,Elk,134
18039,Elkhart,1260
32007,Elko,254
21063,Elliott,494
48139,Ellis,1388
20051,Ellis,599
40045,Ellis,522
20053,Ellsworth,389
1051,Elmore,462
16039,Elmore,226
13107,Emanuel,322
49015,Emery,357
19063,Emmet,483
26047,Emmet,171
38029,Emmons,667
51595,Emporia,0
48143,Erath,1469
42049,Erie,1031
36029,Erie,864
39043,Erie,320
12033,Escambia,423
1053,Escambia,321
32009,Esmeralda,17
25009,Essex,271
36031,Essex,159
51057,Essex,101
50009,Essex,70
34013,Essex,14
21065,Estill,427
1055,Etowah,717
32011,Eureka,56
22039,Evangeline,516
13109,Evans,141
2090,Fairbanks North Star,143
51059,Fairfax,113
51600,Fairfax,0
39045,Fairfield,852
9001,Fairfield,182
45039,Fairfield,175
46047,Fall River,245
30025,Fallon,227
48145,Falls,925
51610,Falls Church,0
48147,Fannin,1312
13111,Fannin,163
27043,Faribault,872
46049,Faulk,275
5045,Faulkner,967
51061,Fauquier,787
48149,Fayette,2363
19065,Fayette,1197
17051,Fayette,1006
42051,Fayette,701
47047,Fayette,594
21067,Fayette,578
39047,Fayette,451
18041,Fayette,348
1057,Fayette,277
13113,Fayette,188
54019,Fayette,166
47049,Fentress,419
30027,Fergus,660
53019,Ferry,181
27045,Fillmore,1389
31059,Fillmore,528
20055,Finney,353
48151,Fisher,471
12035,Flagler,80
30029,Flathead,736
21069,Fleming,1004
45041,Florence,669
55037,Florence,70
19067,Floyd,730
51063,Floyd,700
48153,Floyd,387
13115,Floyd,386
18043,Floyd,305
21071,Floyd,95
51065,Fluvanna,234
48155,Foard,163
55039,Fond du Lac,1280
20057,Ford,557
17053,Ford,506
55041,Forest,101
42053,Forest,32
28035,Forrest,218
37067,Forsyth,581
13117,Forsyth,458
48157,Fort Bend,1024
38031,Foster,255
18045,Fountain,539
29071,Franklin,1395
42055,Franklin,1111
47051,Franklin,899
20059,Franklin,837
51067,Franklin,820
19069,Franklin,779
22041,Franklin,766
18047,Franklin,712
1059,Franklin,708
5047,Franklin,665
53021,Franklin,623
50011,Franklin,619
13119,Franklin,615
21073,Franklin,603
16041,Franklin,546
37069,Franklin,490
17055,Franklin,474
48159,Franklin,444
36033,Franklin,441
25011,Franklin,426
39049,Franklin,396
31061,Franklin,362
23007,Franklin,188
28037,Franklin,165
12037,Franklin,4
51620,Franklin,0
24021,Frederick,1148
51069,Frederick,450
51630,Fredericksburg,0
27047,Freeborn,1005
48161,Freestone,1090
56013,Fremont,731
19071,Fremont,471
8043,Fremont,420
16043,Fremont,386
6019,Fresno,5294
48163,Frio,435
31063,Frontier,356
17057,Fulton,985
39051,Fulton,716
5049,Fulton,674
18049,Fulton,605
42057,Fulton,397
13121,Fulton,206
36035,Fulton,158
21075,Fulton,129
31065,Furnas,398
12039,Gadsden,279
31067,Gage,999
48165,Gaines,478
51640,Galax,0
30031,Gallatin,649
21077,Gallatin,247
17059,Gallatin,194
39053,Gallia,723
48167,Galveston,379
31069,Garden,229
40047,Garfield,1036
8045,Garfield,369
49017,Garfield,200
31071,Garfield,186
30033,Garfield,173
53023,Garfield,124
5051,Garland,339
21079,Garrard,792
24023,Garrett,560
40049,Garvin,1174
48169,Garza,222
29073,Gasconade,726
37071,Gaston,265
37073,Gates,174
20061,Geary,204
39055,Geauga,533
16045,Gem,470
26049,Genesee,704
36037,Genesee,452
1061,Geneva,705
29075,Gentry,517
28039,George,350
45043,Georgetown,189
47053,Gibson,804
18051,Gibson,601
4007,Gila,110
12041,Gilchrist,286
47055,Giles,1296
51071,Giles,302
48171,Gillespie,1209
41021,Gilliam,105
13123,Gilmer,220
54021,Gilmer,206
8047,Gilpin,12
30035,Glacier,303
12043,Glades,147
26051,Gladwin,366
13125,Glascock,68
48173,Glasscock,161
6021,Glenn,895
34015,Gloucester,620
51073,Gloucester,93
13127,Glynn,32
26053,Gogebic,45
38033,Golden Valley,196
30037,Golden Valley,88
48175,Goliad,646
48177,Gonzales,1422
51075,Goochland,200
27049,Goodhue,1337
16047,Gooding,570
13129,Gordon,492
56015,Goshen,518
31073,Gosper,222
20063,Gove,412
40051,Grady,1298
13131,Grady,448
33009,Grafton,309
20065,Graham,355
4009,Graham,225
37075,Graham,133
47057,Grainger,1104
8049,Grand,116
49019,Grand,69
38035,Grand Forks,621
50013,Grand Isle,95
26055,Grand Traverse,332
30039,Granite,99
55043,Grant,1871
53025,Grant,1267
21081,Grant,932
40053,Grant,649
46051,Grant,557
18053,Grant,534
38037,Grant,510
27051,Grant,425
41023,Grant,331
54023,Grant,326
35017,Grant,228
20067,Grant,213
5053,Grant,175
22043,Grant,174
31075,Grant,49
37077,Granville,655
26057,Gratiot,787
21083,Graves,993
20069,Gray,385
48179,Gray,256
53027,Grays Harbor,340
48181,Grayson,1632
21085,Grayson,1354
51077,Grayson,797
31077,Greeley,358
20071,Greeley,175
21087,Green,1028
55045,Green,1003
55047,Green Lake,587
54025,Greenbrier,646
47059,Greene,2952
29077,Greene,1925
18055,Greene,829
19073,Greene,679
39057,Greene,670
17061,Greene,630
5055,Greene,629
42059,Greene,595
37079,Greene,311
28041,Greene,289
1063,Greene,217
36039,Greene,192
13133,Greene,185
51079,Greene,183
4011,Greenlee,77
51081,Greensville,128
21089,Greenup,742
45045,Greenville,634
20073,Greenwood,514
45047,Greenwood,361
40055,Greer,389
48183,Gregg,262
46053,Gregory,552
28043,Grenada,189
38039,Griggs,327
48185,Grimes,1204
19075,Grundy,703
29079,Grundy,552
17063,Grundy,418
47061,Grundy,321
48187,Guadalupe,1536
35019,Guadalupe,228
39059,Guernsey,702
37081,Guilford,847
12045,Gulf,22
8051,Gunnison,122
19077,Guthrie,844
13135,Gwinnett,316
46055,Haakon,275
13137,Habersham,399
2100,Haines,0
48189,Hale,608
1065,Hale,333
51083,Halifax,940
37083,Halifax,304
31079,Hall,633
13139,Hall,609
48191,Hall,245
47063,Hamblen,670
48193,Hamilton,820
19079,Hamilton,733
31081,Hamilton,541
47065,Hamilton,515
18057,Hamilton,508
17065,Hamilton,412
39061,Hamilton,242
12047,Hamilton,197
20075,Hamilton,193
36041,Hamilton,1
46057,Hamlin,418
25013,Hampden,350
54027,Hampshire,499
25015,Hampshire,446
45049,Hampton,214
51650,Hampton,0
17067,Hancock,1018
39063,Hancock,871
19081,Hancock,795
47067,Hancock,673
18059,Hancock,521
21091,Hancock,431
23009,Hancock,256
28045,Hancock,167
13141,Hancock,95
54029,Hancock,67
46059,Hand,448
51085,Hanover,480
48195,Hansford,192
46061,Hanson,328
13143,Haralson,236
12049,Hardee,838
47069,Hardeman,404
48197,Hardeman,259
21093,Hardin,1561
19083,Hardin,827
39065,Hardin,755
47071,Hardin,460
48199,Hardin,263
17069,Hardin,157
46063,Harding,221
35021,Harding,151
54031,Hardy,429
24025,Harford,598
31083,Harlan,312
21095,Harlan,23
40057,Harmon,290
37085,Harnett,656
41025,Harney,353
20077,Harper,446
40059,Harper,380
48201,Harris,1352
13145,Harris,192
18061,Harrison,1060
21097,Harrison,987
48203,Harrison,902
19085,Harrison,779
29081,Harrison,717
54033,Harrison,499
39067,Harrison,358
28047,Harrison,244
51660,Harrisonburg,0
21099,Hart,1347
13147,Hart,403
9003,Hartford,469
48205,Hartley,147
20079,Harvey,674
40061,Haskell,705
48207,Haskell,482
20081,Haskell,210
15001,Hawaii,2659
47073,Hawkins,1707
31085,Hayes,217
48209,Hays,632
37087,Haywood,732
47075,Haywood,359
13149,Heard,142
48211,Hemphill,186
5057,Hempstead,611
48213,Henderson,1461
47077,Henderson,694
21101,Henderson,483
37089,Henderson,434
17071,Henderson,389
18063,Hendricks,673
12051,Hendry,241
27053,Hennepin,580
51087,Henrico,121
17073,Henry,1205
21103,Henry,852
29083,Henry,831
39069,Henry,804
18065,Henry,735
47079,Henry,690
19087,Henry,663
13151,Henry,318
1067,Henry,301
51089,Henry,253
36043,Herkimer,541
12053,Hernando,355
37091,Hertford,138
38041,Hettinger,372
47081,Hickman,571
21105,Hickman,202
29085,Hickory,487
48215,Hidalgo,1217
35023,Hidalgo,114
39071,Highland,1005
51091,Highland,275
12055,Highlands,430
48217,Hill,1375
30041,Hill,427
12057,Hillsborough,2163
33011,Hillsborough,282
26059,Hillsdale,894
28049,Hinds,664
8053,Hinsdale,12
31087,Hitchcock,312
39073,Hocking,325
48219,Hockley,453
20083,Hodgeman,337
37093,Hoke,138
39075,Holmes,1269
12059,Holmes,500
28051,Holmes,347
31089,Holt,1064
29087,Holt,398
15003,Honolulu,687
48221,Hood,584
41027,Hood River,441
31091,Hooker,64
2105,Hoonah-Angoon,0
51670,Hopewell,0
48223,Hopkins,1592
21107,Hopkins,509
45051,Horry,913
5059,Hot Spring,396
56017,Hot Springs,109
26061,Houghton,122
48225,Houston,1230
27055,Houston,818
1069,Houston,667
47083,Houston,214
13153,Houston,186
19089,Howard,778
5061,Howard,615
31093,Howard,583
29089,Howard,578
18067,Howard,452
24027,Howard,312
48227,Howard,292
29091,Howell,1591
27057,Hubbard,366
34017,Hudson,0
48229,Hudspeth,92
8055,Huerfano,210
40063,Hughes,702
46065,Hughes,222
6023,Humboldt,746
19091,Humboldt,585
32013,Humboldt,149
47085,Humphreys,461
28053,Humphreys,162
48231,Hunt,1762
34019,Hunterdon,1120
42061,Huntingdon,499
18069,Huntington,597
26063,Huron,1141
39077,Huron,708
46067,Hutchinson,849
48233,Hutchinson,136
46069,Hyde,194
37095,Hyde,102
22045,Iberia,304
22047,Iberville,118
19093,Ida,604
16049,Idaho,563
6025,Imperial,402
5063,Independence,847
12061,Indian River,274
42063,Indiana,664
26065,Ingham,701
6027,Inyo,60
26067,Ionia,878
26069,Iosco,191
55049,Iowa,1073
19095,Iowa,834
37097,Iredell,1009
48235,Irion,118
49021,Iron,275
29093,Iron,254
26071,Iron,67
55051,Iron,52
17075,Iroquois,1267
13155,Irwin,303
26073,Isabella,784
27059,Isanti,625
53029,Island,252
51093,Isle of Wight,163
28055,Issaquena,69
27061,Itasca,399
28057,Itawamba,379
5065,Izard,585
48237,Jack,585
41029,Jackson,1443
19097,Jackson,1131
1071,Jackson,1040
20085,Jackson,933
26075,Jackson,892
27063,Jackson,866
18071,Jackson,734
21109,Jackson,718
12063,Jackson,710
13157,Jackson,666
29095,Jackson,659
55053,Jackson,640
48239,Jackson,639
17077,Jackson,593
54035,Jackson,593
47087,Jackson,587
40065,Jackson,522
39079,Jackson,341
5067,Jackson,303
46071,Jackson,270
28059,Jackson,224
37099,Jackson,167
22049,Jackson,162
8057,Jackson,78
51095,James City,51
29097,Jasper,1206
19099,Jasper,1044
17079,Jasper,670
18073,Jasper,573
48241,Jasper,498
28061,Jasper,367
13159,Jasper,182
45053,Jasper,131
18075,Jay,737
13161,Jeff Davis,230
48243,Jeff Davis,53
55055,Jefferson,1116
47089,Jefferson,1074
20087,Jefferson,894
18077,Jefferson,825
17081,Jefferson,803
36045,Jefferson,797
16051,Jefferson,667
19101,Jefferson,631
29099,Jefferson,586
31095,Jefferson,582
21111,Jefferson,473
48245,Jefferson,407
40067,Jefferson,400
42065,Jefferson,370
1073,Jefferson,345
8059,Jefferson,339
39081,Jefferson,338
41031,Jefferson,282
54037,Jefferson,277
12065,Jefferson,247
13163,Jefferson,244
5069,Jefferson,219
30043,Jefferson,186
28063,Jefferson,163
53031,Jefferson,113
22051,Jefferson,49
22053,Jefferson Davis,449
28065,Jefferson Davis,390
13165,Jenkins,155
18079,Jennings,593
46073,Jerauld,257
16053,Jerome,686
17083,Jersey,477
21113,Jessamine,664
20089,Jewell,578
48247,Jim Hogg,153
48249,Jim Wells,590
17085,Jo Daviess,791
48251,Johnson,1629
29101,Johnson,1394
19103,Johnson,987
47091,Johnson,732
5071,Johnson,538
20091,Johnson,530
18081,Johnson,491
31097,Johnson,442
17087,Johnson,377
56019,Johnson,215
21115,Johnson,205
13167,Johnson,203
37101,Johnston,1230
40069,Johnston,521
19105,Jones,905
28067,Jones,767
48253,Jones,676
46075,Jones,163
37103,Jones,157
13169,Jones,142
41033,Josephine,556
49023,Juab,160
30045,Judith Basin,261
55057,Juneau,588
2110,Juneau,6
42067,Juniata,496
26077,Kalamazoo,630
15005,Kalawao,0
26079,Kalkaska,70
27065,Kanabec,601
54039,Kanawha,151
27067,Kandiyohi,973
17089,Kane,554
49025,Kane,113
17091,Kankakee,761
48255,Karnes,922
15007,Kauai,369
48257,Kaufman,1557
40071,Kay,867
31099,Kearney,411
20093,Kearny,218
31101,Keith,267
28069,Kemper,356
2122,Kenai Peninsula,85
48259,Kendall,583
17093,Kendall,423
48261,Kenedy,19
23011,Kennebec,434
55059,Kenosha,343
26081,Kent,995
10001,Kent,675
24029,Kent,249
48263,Kent,119
44003,Kent,54
21117,Kenton,437
19107,Keokuk,782
6029,Kern,1243
48265,Kerr,549
45055,Kershaw,203
2130,Ketchikan Gateway,0
55061,Kewaunee,803
26083,Keweenaw,2
31103,Keya Paha,174
38043,Kidder,439
31105,Kimball,238
48267,Kimble,414
53033,King,1079
48269,King,25
51097,King and Queen,121
51099,King George,111
51101,King William,96
40073,Kingfisher,764
20095,Kingman,679
6031,Kings,792
36047,Kings,1
46077,Kingsbury,557
48271,Kinney,91
40075,Kiowa,609
20097,Kiowa,267
8061,Kiowa,248
8063,Kit Carson,560
53035,Kitsap,331
53037,Kittitas,676
27069,Kittson,390
41035,Klamath,769
48273,Kleberg,193
53039,Klickitat,437
21119,Knott,29
47093,Knox,1041
31107,Knox,981
39083,Knox,972
17095,Knox,848
18083,Knox,515
29103,Knox,492
21121,Knox,359
48275,Knox,238
23013,Knox,197
2150,Kodiak Island,0
27071,Koochiching,167
16055,Kootenai,492
18085,Kosciusko,936
19109,Kossuth,1372
55063,La Crosse,668
4012,La Paz,59
8067,La Plata,603
48283,La Salle,193
22059,La Salle,168
20099,Labette,841
27073,Lac qui Parle,797
42069,Lackawanna,211
29105,Laclede,1173
29107,Lafayette,1110
55065,Lafayette,988
22055,Lafayette,615
28071,Lafayette,330
12067,Lafayette,227
5073,Lafayette,223
22057,Lafourche,300
18087,LaGrange,1234
12069,Lake,980
30047,Lake,825
6033,Lake,694
46079,Lake,510
18089,Lake,394
41037,Lake,305
17097,Lake,274
39085,Lake,213
26085,Lake,94
47095,Lake,67
27075,Lake,32
8065,Lake,15
2164,Lake and Peninsula,0
27077,Lake of the Woods,162
48277,Lamar,1301
28073,Lamar,342
1075,Lamar,272
13171,Lamar,181
48279,Lamb,535
50015,Lamoille,194
38045,LaMoure,600
48281,Lampasas,625
42071,Lancaster,4009
31109,Lancaster,1207
45057,Lancaster,418
51103,Lancaster,60
32015,Lander,65
41039,Lane,1718
20101,Lane,240
55067,Langlade,332
13173,Lanier,93
26087,Lapeer,989
18091,LaPorte,690
56021,Laramie,431
8069,Larimer,1002
21123,Larue,776
8071,Las Animas,415
17099,LaSalle,1426
6035,Lassen,229
16057,Latah,502
40077,Latimer,514
1077,Lauderdale,1048
28075,Lauderdale,386
47097,Lauderdale,384
21125,Laurel,1122
45059,Laurens,591
13175,Laurens,537
48285,Lavaca,2202
29109,Lawrence,1519
47099,Lawrence,1300
1079,Lawrence,830
18093,Lawrence,771
42073,Lawrence,559
5075,Lawrence,548
39087,Lawrence,474
21127,Lawrence,317
17101,Lawrence,305
28077,Lawrence,279
46081,Lawrence,229
40079,Le Flore,1359
27079,Le Sueur,749
35025,Lea,452
28079,Leake,558
20103,Leavenworth,951
42075,Lebanon,797
48287,Lee,1383
51105,Lee,1174
17103,Lee,852
19111,Lee,729
28081,Lee,483
12071,Lee,388
1081,Lee,301
37105,Lee,276
5077,Lee,241
45061,Lee,236
21129,Lee,178
13177,Lee,110
26089,Leelanau,293
28083,Leflore,146
42077,Lehigh,365
16059,Lemhi,271
26091,Lenawee,1069
37107,Lenoir,452
48289,Leon,1483
12073,Leon,229
21131,Leslie,20
21133,Letcher,29
12075,Levy,414
53041,Lewis,974
21135,Lewis,728
29111,Lewis,561
36049,Lewis,548
54041,Lewis,306
47101,Lewis,178
16061,Lewis,130
30049,Lewis and Clark,376
45063,Lexington,660
51678,Lexington,0
48291,Liberty,801
30051,Liberty,125
12077,Liberty,66
13179,Liberty,45
39089,Licking,1101
48293,Limestone,1054
1083,Limestone,784
40081,Lincoln,1534
47103,Lincoln,1395
21137,Lincoln,1231
29113,Lincoln,870
31111,Lincoln,844
46083,Lincoln,834
27081,Lincoln,622
28085,Lincoln,497
53043,Lincoln,462
20105,Lincoln,452
56023,Lincoln,415
37109,Lincoln,377
8073,Lincoln,364
55069,Lincoln,361
22061,Lincoln,272
35027,Lincoln,272
16063,Lincoln,260
41041,Lincoln,253
54043,Lincoln,237
5079,Lincoln,208
30053,Lincoln,192
23015,Lincoln,190
13181,Lincoln,149
32017,Lincoln,97
41043,Linn,1727
19113,Linn,1294
29115,Linn,732
20107,Linn,657
48295,Lipscomb,252
9005,Litchfield,506
5081,Little River,316
48297,Live Oak,617
17105,Livingston,1334
29117,Livingston,635
26093,Livingston,610
36051,Livingston,514
22063,Livingston,351
21139,Livingston,331
48299,Llano,434
21141,Logan,1032
5083,Logan,866
40083,Logan,778
8075,Logan,721
17107,Logan,691
39091,Logan,668
38047,Logan,430
20109,Logan,308
31113,Logan,110
54045,Logan,17
13183,Long,61
5085,Lonoke,629
39093,Lorain,720
35028,Los Alamos,4
6037,Los Angeles,1150
47105,Loudon,631
51107,Loudoun,787
19115,Louisa,450
51109,Louisa,338
31115,Loup,108
40085,Love,512
48301,Loving,10
13185,Lowndes,313
28087,Lowndes,306
1085,Lowndes,282
48303,Lubbock,801
19117,Lucas,561
39095,Lucas,350
26095,Luce,27
13187,Lumpkin,204
35029,Luna,124
51111,Lunenburg,332
42079,Luzerne,327
42081,Lycoming,711
46085,Lyman,335
51680,Lynchburg,0
48305,Lynn,418
19119,Lyon,999
27083,Lyon,831
20111,Lyon,743
32019,Lyon,246
21143,Lyon,214
26097,Mackinac,67
26099,Macomb,445
47111,Macon,1209
29121,Macon,989
17115,Macon,659
1087,Macon,273
37113,Macon,262
13193,Macon,208
17117,Macoupin,1101
6039,Madera,1221
21151,Madison,1261
17119,Madison,1110
37115,Madison,1080
5087,Madison,1045
19121,Madison,913
1089,Madison,776
31119,Madison,742
48313,Madison,677
18095,Madison,666
36053,Madison,568
13195,Madison,560
39097,Madison,540
47113,Madison,429
12079,Madison,421
28089,Madison,389
51113,Madison,378
16065,Madison,374
29123,Madison,345
30057,Madison,294
22065,Madison,256
21153,Magoffin,390
19123,Mahaska,897
27087,Mahnomen,335
39099,Mahoning,502
40093,Major,700
41045,Malheur,948
51683,Manassas,0
51685,Manassas Park,0
12081,Manatee,486
26101,Manistee,225
55071,Manitowoc,1188
55073,Marathon,2427
1091,Marengo,385
4013,Maricopa,1306
29125,Maries,749
6041,Marin,180
55075,Marinette,556
41047,Marion,2059
12083,Marion,1333
21155,Marion,921
20115,Marion,908
19125,Marion,842
17121,Marion,791
29127,Marion,593
1093,Marion,525
5089,Marion,483
39101,Marion,481
28091,Marion,456
54049,Marion,312
47115,Marion,249
45067,Marion,227
18097,Marion,217
48315,Marion,177
13197,Marion,120
6043,Mariposa,222
45069,Marlboro,144
55077,Marquette,373
26103,Marquette,77
1095,Marshall,1241
20117,Marshall,887
47117,Marshall,867
27089,Marshall,842
18099,Marshall,830
19127,Marshall,758
21157,Marshall,520
28093,Marshall,474
17123,Marshall,451
46091,Marshall,406
54051,Marshall,399
40095,Marshall,325
27091,Martin,949
37117,Martin,403
18101,Martin,318
48317,Martin,250
12085,Martin,191
21159,Martin,22
51690,Martinsville,0
21161,Mason,705
54053,Mason,638
48319,Mason,454
17125,Mason,429
26105,Mason,347
53045,Mason,130
17127,Massac,373
48321,Matagorda,586
2170,Matanuska-Susitna,0
51115,Mathews,53
15009,Maui,710
47119,Maury,1345
48323,Maverick,149
40097,Mayes,1154
40087,McClain,759
30055,McCone,280
46087,McCook,551
45065,McCormick,79
21145,McCracken,379
21147,McCreary,107
48307,McCulloch,454
40089,McCurtain,1248
29119,McDonald,942
17109,McDonough,747
37111,McDowell,174
54047,McDowell,9
13189,McDuffie,191
17111,McHenry,786
38049,McHenry,774
40091,McIntosh,732
38051,McIntosh,432
13191,McIntosh,30
42083,McKean,188
38053,McKenzie,649
35031,McKinley,172
17113,McLean,1390
38055,McLean,844
21149,McLean,384
48309,McLennan,1669
27085,McLeod,995
47107,McMinn,895
48311,McMullen,182
47109,McNairy,556
20113,McPherson,1104
46089,McPherson,397
31117,McPherson,97
21163,Meade,787
46093,Meade,708
20119,Meade,345
30059,Meagher,94
51117,Mecklenburg,548
37119,Mecklenburg,237
26107,Mecosta,530
48325,Medina,1264
39103,Medina,814
27093,Meeker,938
39105,Meigs,451
47121,Meigs,297
46095,Mellette,228
17129,Menard,323
48327,Menard,238
6045,Mendocino,908
21165,Menifee,356
26109,Menominee,281
55078,Menominee,1
6047,Merced,2201
39107,Mercer,1173
42085,Mercer,953
21167,Mercer,898
17131,Mercer,679
54055,Mercer,478
38057,Mercer,470
29129,Mercer,428
34021,Mercer,234
13199,Meriwether,231
31121,Merrick,532
33013,Merrimack,305
8077,Mesa,1184
21169,Metcalfe,953
20121,Miami,1066
39109,Miami,880
18103,Miami,631
12086,Miami-Dade,1261
25017,Middlesex,419
9007,Middlesex,199
34023,Middlesex,185
51119,Middlesex,66
26111,Midland,400
48329,Midland,262
42087,Mifflin,552
48331,Milam,1419
49027,Millard,508
27095,Mille Lacs,699
29131,Miller,981
5091,Miller,441
13201,Miller,230
48333,Mills,596
19129,Mills,471
55079,Milwaukee,77
46097,Miner,373
54057,Mineral,287
30061,Mineral,58
32021,Mineral,31
8079,Mineral,6
54059,Mingo,8
16067,Minidoka,661
46099,Minnehaha,1116
26113,Missaukee,244
5093,Mississippi,389
29133,Mississippi,188
30063,Missoula,395
19131,Mitchell,700
20123,Mitchell,437
13205,Mitchell,370
48335,Mitchell,312
37121,Mitchell,286
1097,Mobile,579
6049,Modoc,361
8081,Moffat,279
4015,Mohave,147
29135,Moniteau,931
34025,Monmouth,667
6051,Mono,53
19133,Monona,679
54061,Monongalia,382
55081,Monroe,1325
26115,Monroe,1009
21171,Monroe,886
47123,Monroe,801
29137,Monroe,725
19135,Monroe,601
39111,Monroe,572
54063,Monroe,537
17133,Monroe,489
18105,Monroe,466
28095,Monroe,450
36055,Monroe,396
1099,Monroe,359
5095,Monroe,193
13207,Monroe,150
42089,Monroe,124
12087,Monroe,6
48337,Montague,1032
26117,Montcalm,799
6053,Monterey,786
8083,Montezuma,590
17135,Montgomery,932
20125,Montgomery,838
48339,Montgomery,827
47125,Montgomery,795
39113,Montgomery,728
21173,Montgomery,626
29139,Montgomery,624
18107,Montgomery,613
1101,Montgomery,530
19137,Montgomery,514
36057,Montgomery,458
51121,Montgomery,455
24031,Montgomery,454
42091,Montgomery,382
5097,Montgomery,370
28097,Montgomery,266
37123,Montgomery,211
13209,Montgomery,192
26119,Montmorency,106
42093,Montour,229
8085,Montrose,686
46101,Moody,574
37125,Moore,626
47127,Moore,331
48341,Moore,184
35033,Mora,367
22067,Morehouse,284
1103,Morgan,1059
29141,Morgan,770
17137,Morgan,743
21175,Morgan,685
8087,Morgan,671
18109,Morgan,540
39115,Morgan,512
13211,Morgan,317
47129,Morgan,281
49029,Morgan,209
54065,Morgan,125
31123,Morrill,377
20127,Morris,444
48343,Morris,326
34027,Morris,318
27097,Morrison,1640
39117,Morrow,668
41049,Morrow,261
38059,Morton,821
20129,Morton,188
48345,Motley,158
17139,Moultrie,415
38061,Mountrail,662
27099,Mower,1056
21177,Muhlenberg,524
41051,Multnomah,501
27101,Murray,795
40099,Murray,382
13213,Murray,202
19139,Muscatine,673
13215,Muscogee,40
26121,Muskegon,365
39119,Muskingum,936
40101,Muskogee,1167
30065,Musselshell,198
48347,Nacogdoches,1041
31125,Nance,383
25019,Nantucket,13
6055,Napa,862
37127,Nash,463
12089,Nassau,252
36059,Nassau,29
22069,Natchitoches,469
56025,Natrona,200
4017,Navajo,286
48349,Navarro,1213
21179,Nelson,1200
38063,Nelson,420
51125,Nelson,314
20131,Nemaha,953
31127,Nemaha,436
20133,Neosho,639
28099,Neshoba,643
20135,Ness,496
6057,Nevada,386
5099,Nevada,357
10003,New Castle,265
37129,New Hanover,52
9009,New Haven,296
51127,New Kent,58
9011,New London,483
29143,New Madrid,350
36061,New York,0
26123,Newaygo,596
45071,Newberry,448
44005,Newport,90
51700,Newport News,0
29145,Newton,1514
28101,Newton,546
5101,Newton,469
18111,Newton,318
13217,Newton,222
48351,Newton,211
16069,Nez Perce,278
36063,Niagara,664
21181,Nicholas,541
54067,Nicholas,268
27103,Nicollet,664
56027,Niobrara,226
18113,Noble,855
40103,Noble,625
39121,Noble,521
27105,Nobles,1075
29147,Nodaway,1139
48353,Nolan,379
2180,Nome,0
25021,Norfolk,136
51710,Norfolk,0
27107,Norman,489
2185,North Slope,0
37131,Northampton,333
42095,Northampton,321
51131,Northampton,141
42097,Northumberland,494
51133,Northumberland,107
2188,Northwest Arctic,0
20137,Norton,350
51720,Norton,0
51135,Nottoway,279
40105,Nowata,656
28103,Noxubee,379
31129,Nuckolls,464
48355,Nueces,417
32023,Nye,107
19141,O'Brien,977
26125,Oakland,412
47131,Obion,593
34029,Ocean,202
26127,Oceana,515
48357,Ochiltree,295
45073,Oconee,595
13219,Oconee,263
55083,Oconto,843
26129,Ogemaw,227
17141,Ogle,950
13221,Oglethorpe,278
21183,Ohio,899
18115,Ohio,243
54069,Ohio,117
12091,Okaloosa,287
53047,Okanogan,1124
12093,Okeechobee,313
40107,Okfuskee,634
40109,Oklahoma,745
40111,Okmulgee,844
28105,Oktibbeha,308
21185,Oldham,371
48359,Oldham,91
38065,Oliver,285
27109,Olmsted,1089
36065,Oneida,923
16071,Oneida,269
55085,Oneida,72
36067,Onondaga,507
37133,Onslow,365
36069,Ontario,595
26131,Ontonagon,87
12095,Orange,654
36071,Orange,488
18117,Orange,457
50017,Orange,425
37135,Orange,372
51137,Orange,361
48361,Orange,253
6059,Orange,243
45075,Orangeburg,797
29149,Oregon,711
50019,Orleans,491
36073,Orleans,391
22071,Orleans,11
29151,Osage,1014
40113,Osage,964
20139,Osage,773
20141,Osborne,476
19143,Osceola,605
26133,Osceola,416
12097,Osceola,396
26135,Oscoda,74
36075,Oswego,607
8089,Otero,430
35035,Otero,419
31131,Otoe,713
36077,Otsego,753
26137,Otsego,114
26139,Ottawa,1111
40115,Ottawa,836
20143,Ottawa,453
39123,Ottawa,439
27111,Otter Tail,2241
22073,Ouachita,299
5103,Ouachita,165
8091,Ouray,64
55087,Outagamie,1205
47133,Overton,738
21187,Owen,787
18119,Owen,569
21189,Owsley,282
16073,Owyhee,453
23017,Oxford,304
29153,Ozark,734
55089,Ozaukee,384
53049,Pacific,209
19145,Page,775
51139,Page,460
12099,Palm Beach,452
19147,Palo Alto,707
48363,Palo Pinto,671
37137,Pamlico,63
48365,Panola,731
28107,Panola,504
56029,Park,481
30067,Park,278
8093,Park,135
18121,Parke,401
48367,Parker,1781
48369,Parmer,450
12101,Pasco,739
37139,Pasquotank,147
34031,Passaic,41
51141,Patrick,491
39125,Paulding,527
13223,Paulding,209
40117,Pawnee,592
31133,Pawnee,396
20145,Pawnee,351
16075,Payette,480
40119,Payne,1023
13225,Peach,131
28109,Pearl River,530
48371,Pecos,195
38067,Pembina,504
29155,Pemiscot,272
53051,Pend Oreille,187
37141,Pender,288
21191,Pendleton,817
54071,Pendleton,493
46103,Pennington,540
27113,Pennington,416
23019,Penobscot,476
17143,Peoria,820
55091,Pepin,364
46105,Perkins,455
31135,Perkins,405
37143,Perquimans,194
29157,Perry,770
39127,Perry,510
42099,Perry,504
17145,Perry,473
18123,Perry,443
5105,Perry,336
1105,Perry,266
28111,Perry,214
47135,Perry,185
21193,Perry,36
32027,Pershing,100
37145,Person,404
2195,Petersburg,0
51730,Petersburg,0
30069,Petroleum,74
29159,Pettis,1108
29161,Phelps,651
31137,Phelps,423
42101,Philadelphia,4
20147,Phillips,479
30071,Phillips,357
8095,Phillips,295
5107,Phillips,261
17147,Piatt,431
39129,Pickaway,550
45077,Pickens,469
1107,Pickens,363
13227,Pickens,178
47137,Pickett,355
55093,Pierce,1044
53053,Pierce,958
31139,Pierce,657
38069,Pierce,453
13229,Pierce,314
17149,Pike,860
29163,Pike,800
1109,Pike,500
28113,Pike,434
5109,Pike,377
39131,Pike,330
18125,Pike,262
13231,Pike,240
21195,Pike,51
42103,Pike,30
4019,Pima,330
4021,Pinal,332
27115,Pine,904
12103,Pinellas,83
27117,Pipestone,715
23021,Piscataquis,125
8097,Pitkin,48
37147,Pitt,477
40121,Pittsburg,1296
51143,Pittsylvania,1192
49031,Piute,84
6061,Placer,1026
22075,Plaquemines,117
31141,Platte,955
29165,Platte,574
56031,Platte,347
54073,Pleasants,105
6063,Plumas,103
19149,Plymouth,1385
25023,Plymouth,471
19151,Pocahontas,787
54075,Pocahontas,332
5111,Poinsett,437
22077,Pointe Coupee,370
12105,Polk,1600
29167,Polk,1451
55095,Polk,1210
27119,Polk,995
41053,Polk,919
5113,Polk,739
19153,Polk,681
31143,Polk,521
48373,Polk,471
13233,Polk,279
47139,Polk,225
37149,Polk,149
30073,Pondera,303
40123,Pontotoc,947
28115,Pontotoc,510
5115,Pope,810
27121,Pope,708
17151,Pope,225
51735,Poquoson,0
55097,Portage,825
39133,Portage,647
18127,Porter,420
51740,Portsmouth,0
18129,Posey,377
40125,Pottawatomie,1093
20149,Pottawatomie,697
19155,Pottawattamie,1145
42105,Potter,267
46107,Potter,236
48375,Potter,128
30075,Powder River,214
21197,Powell,247
30077,Powell,188
16077,Power,196
19157,Poweshiek,771
51145,Powhatan,176
5117,Prairie,284
30079,Prairie,130
20151,Pratt,368
39135,Preble,937
28117,Prentiss,344
48377,Presidio,105
26141,Presque Isle,237
54077,Preston,732
55099,Price,346
51147,Prince Edward,281
51149,Prince George,138
24033,Prince George's,477
2198,Prince of Wales-Hyder,0
51153,Prince William,233
44007,Providence,194
8099,Prowers,440
8101,Pueblo,512
21199,Pulaski,1899
18131,Pulaski,529
29169,Pulaski,457
5119,Pulaski,327
51155,Pulaski,318
17153,Pulaski,191
13235,Pulaski,104
40127,Pushmataha,617
39137,Putnam,1176
47141,Putnam,985
18133,Putnam,727
29171,Putnam,499
54079,Putnam,423
12107,Putnam,337
17155,Putnam,160
13237,Putnam,145
36079,Putnam,30
35037,Quay,491
24035,Queen Anne's,329
36081,Queens,0
28119,Quitman,153
13239,Quitman,24
13241,Rabun,118
55101,Racine,486
51750,Radford,0
48379,Rains,424
54081,Raleigh,220
29173,Ralls,485
38071,Ramsey,457
27123,Ramsey,25
48381,Randall,448
37151,Randolph,1169
17157,Randolph,816
18135,Randolph,799
29175,Randolph,676
5121,Randolph,584
1111,Randolph,513
54083,Randolph,334
13243,Randolph,100
28121,Rankin,493
38073,Ransom,390
22079,Rapides,756
51157,Rappahannock,282
30081,Ravalli,857
20153,Rawlins,416
29177,Ray,906
48383,Reagan,70
48385,Real,183
27125,Red Lake,302
48387,Red River,858
22081,Red River,205
31145,Red Willow,352
27127,Redwood,1109
48389,Reeves,120
48391,Refugio,172
20155,Reno,1203
36083,Rensselaer,377
27129,Renville,1125
38075,Renville,372
20157,Republic,656
29179,Reynolds,266
47143,Rhea,316
529,RHODE ISLAND,
27131,Rice,969
20159,Rice,458
49033,Rich,108
31147,Richardson,593
55103,Richland,925
39139,Richland,824
38077,Richland,821
17159,Richland,486
22083,Richland,455
30083,Richland,404
45079,Richland,292
37153,Richmond,197
51159,Richmond,118
13245,Richmond,100
36085,Richmond,1
51760,Richmond,0
20161,Riley,416
19159,Ringgold,578
35039,Rio Arriba,861
8103,Rio Blanco,195
8105,Rio Grande,272
18137,Ripley,826
29181,Ripley,436
54085,Ritchie,300
6065,Riverside,2655
47145,Roane,458
54087,Roane,415
51161,Roanoke,237
51770,Roanoke,0
46109,Roberts,791
48393,Roberts,78
47147,Robertson,1235
48395,Robertson,1095
21201,Robertson,256
37155,Robeson,998
55105,Rock,1144
27133,Rock,708
31149,Rock,234
17161,Rock Island,540
51163,Rockbridge,581
21203,Rockcastle,744
13247,Rockdale,106
51165,Rockingham,1534
37157,Rockingham,783
33015,Rockingham,288
36087,Rockland,17
48397,Rockwall,169
40129,Roger Mills,605
40131,Rogers,1186
38079,Rolette,406
20163,Rooks,366
35041,Roosevelt,611
30085,Roosevelt,440
26143,Roscommon,32
27135,Roseau,780
30087,Rosebud,253
39141,Ross,637
8107,Routt,357
37159,Rowan,668
21205,Rowan,447
48399,Runnels,719
18139,Rush,582
20165,Rush,427
48401,Rusk,1133
55107,Rusk,588
51167,Russell,976
21207,Russell,919
20167,Russell,432
1113,Russell,187
47149,Rutherford,1309
37161,Rutherford,427
50021,Rutland,425
22085,Sabine,384
48403,Sabine,178
19161,Sac,794
6067,Sacramento,1158
23023,Sagadahoc,110
26145,Saginaw,1130
8109,Saguache,168
34033,Salem,642
51775,Salem,0
29195,Saline,767
31151,Saline,676
20169,Saline,597
17165,Saline,375
5125,Saline,308
49035,Salt Lake,571
45081,Saluda,512
37163,Sampson,1123
48405,San Augustine,270
6069,San Benito,463
6071,San Bernardino,1290
6073,San Diego,5702
6075,San Francisco,2
48407,San Jacinto,311
6077,San Joaquin,3181
35045,San Juan,577
49037,San Juan,166
53055,San Juan,131
8111,San Juan,1
6079,San Luis Obispo,1540
6081,San Mateo,206
35047,San Miguel,584
8113,San Miguel,83
48409,San Patricio,353
48411,San Saba,555
46111,Sanborn,348
30089,Sanders,307
35043,Sandoval,270
39143,Sandusky,740
17167,Sangamon,873
26151,Sanilac,1253
49039,Sanpete,541
6083,Santa Barbara,1160
6085,Santa Clara,839
6087,Santa Cruz,556
4023,Santa Cruz,112
35049,Santa Fe,264
12113,Santa Rosa,394
12115,Sarasota,257
36091,Saratoga,384
38081,Sargent,419
31153,Sarpy,307
55111,Sauk,1175
31155,Saunders,1074
55113,Sawyer,134
36093,Schenectady,129
48413,Schleicher,215
13249,Schley,84
36095,Schoharie,450
26153,Schoolcraft,46
29197,Schuyler,437
17169,Schuyler,415
36097,Schuyler,274
42107,Schuylkill,498
39145,Scioto,535
29199,Scotland,467
37165,Scotland,91
51169,Scott,1391
19163,Scott,759
21209,Scott,752
27139,Scott,746
28123,Scott,628
5127,Scott,581
29201,Scott,447
18143,Scott,332
17171,Scott,278
20171,Scott,245
47151,Scott,213
31157,Scotts Bluff,598
13251,Screven,254
48415,Scurry,503
5129,Searcy,580
5131,Sebastian,630
20173,Sedgwick,1224
8115,Sedgwick,175
40133,Seminole,814
12117,Seminole,255
13253,Seminole,157
39147,Seneca,1062
36099,Seneca,327
47153,Sequatchie,153
40135,Sequoyah,836
47155,Sevier,796
5133,Sevier,502
49041,Sevier,323
31159,Seward,765
20175,Seward,200
48417,Shackelford,183
29203,Shannon,403
46113,Shannon,171
28125,Sharkey,48
5135,Sharp,488
6089,Shasta,751
55115,Shawano,1283
20177,Shawnee,747
55117,Sheboygan,928
21211,Shelby,1324
17173,Shelby,1136
48419,Shelby,961
19165,Shelby,927
39149,Shelby,819
18145,Shelby,623
29205,Shelby,553
47157,Shelby,515
1117,Shelby,381
51171,Shenandoah,720
27141,Sherburne,453
31161,Sheridan,523
56033,Sheridan,428
20179,Sheridan,411
30091,Sheridan,400
38083,Sheridan,359
31163,Sherman,426
20181,Sherman,410
48421,Sherman,186
41055,Sherman,124
26155,Shiawassee,991
16079,Shoshone,39
27143,Sibley,929
35051,Sierra,148
6091,Sierra,45
30093,Silver Bow,89
28127,Simpson,546
21213,Simpson,478
19167,Sioux,1630
31165,Sioux,255
38085,Sioux,172
6093,Siskiyou,567
2220,Sitka,0
53057,Skagit,622
2230,Skagway,0
53059,Skamania,57
38087,Slope,232
48423,Smith,1452
47159,Smith,970
28129,Smith,630
20183,Smith,552
51173,Smyth,739
53061,Snohomish,1105
42109,Snyder,601
35053,Socorro,341
6095,Solano,674
42111,Somerset,863
23025,Somerset,377
34035,Somerset,352
24039,Somerset,296
48425,Somervell,204
6097,Sonoma,2181
51780,South Boston,0
51175,Southampton,265
2240,Southeast Fairbanks,0
13255,Spalding,194
45083,Spartanburg,907
18147,Spencer,619
21215,Spencer,497
46115,Spink,615
53063,Spokane,1503
51177,Spotsylvania,228
22087,St. Bernard,24
29183,St. Charles,605
22089,St. Charles,55
26147,St. Clair,905
17163,St. Clair,804
29185,St. Clair,658
1115,St. Clair,507
55109,St. Croix,1193
5123,St. Francis,270
29187,St. Francois,623
22091,St. Helena,316
22093,St. James,25
22095,St. John the Baptist,16
12109,St. Johns,119
26149,St. Joseph,749
18141,St. Joseph,668
22097,St. Landry,985
36089,St. Lawrence,1247
27137,St. Louis,622
29189,St. Louis,221
29510,St. Louis city,0
12111,St. Lucie,302
22099,St. Martin,229
22101,St. Mary,63
24037,St. Mary's,619
22103,St. Tammany,381
20185,Stafford,420
51179,Stafford,148
6099,Stanislaus,3532
46117,Stanley,166
37167,Stanly,484
31167,Stanton,492
20187,Stanton,172
39151,Stark,980
38089,Stark,702
17175,Stark,297
18149,Starke,340
48427,Starr,585
51790,Staunton,0
29186,Ste. Genevieve,527
27145,Stearns,2658
27147,Steele,728
38091,Steele,293
40137,Stephens,984
48429,Stephens,399
13257,Stephens,164
17177,Stephenson,979
48431,Sterling,51
36101,Steuben,1100
18151,Steuben,425
53065,Stevens,967
27149,Stevens,467
20189,Stevens,226
47161,Stewart,311
13259,Stewart,82
30095,Stillwater,336
29207,Stoddard,809
37169,Stokes,956
29209,Stone,652
5137,Stone,527
28131,Stone,211
48433,Stonewall,276
32029,Storey,3
19169,Story,783
33017,Strafford,171
38093,Stutsman,846
56035,Sublette,173
36103,Suffolk,350
51800,Suffolk,222
25025,Suffolk,1
47163,Sullivan,1221
29211,Sullivan,681
18153,Sullivan,477
36105,Sullivan,242
33019,Sullivan,167
42113,Sullivan,128
46119,Sully,225
54089,Summers,309
49043,Summit,322
39153,Summit,217
8117,Summit,14
47165,Sumner,1485
20191,Sumner,1050
12119,Sumter,641
45085,Sumter,332
1119,Sumter,290
13261,Sumter,251
28133,Sunflower,213
37171,Surry,1128
51181,Surry,87
42115,Susquehanna,645
10005,Sussex,1286
34037,Sussex,705
51183,Sussex,127
6101,Sutter,1006
48435,Sutton,160
12121,Suwannee,831
37173,Swain,73
30097,Sweet Grass,232
56037,Sweetwater,122
27151,Swift,671
48437,Swisher,412
18155,Switzerland,577
24041,Talbot,179
13263,Talbot,117
13265,Taliaferro,63
1121,Talladega,427
28135,Tallahatchie,300
1123,Tallapoosa,295
19171,Tama,1075
29213,Taney,459
22105,Tangipahoa,896
35055,Taos,403
48439,Tarrant,867
28137,Tate,491
13267,Tattnall,461
21217,Taylor,920
55119,Taylor,847
48441,Taylor,805
19173,Taylor,648
54091,Taylor,241
13269,Taylor,151
12123,Taylor,110
17179,Tazewell,852
51185,Tazewell,420
6103,Tehama,1172
13271,Telfair,245
8119,Teller,69
22107,Tensas,173
22109,Terrebonne,113
13273,Terrell,163
48443,Terrell,76
48445,Terry,388
30099,Teton,414
16081,Teton,203
56039,Teton,70
29215,Texas,1417
40139,Texas,567
31169,Thayer,540
20193,Thomas,438
13275,Thomas,396
31171,Thomas,84
48447,Throckmorton,232
53067,Thurston,738
31173,Thurston,336
13277,Tift,308
41057,Tillamook,283
40141,Tillman,504
42117,Tioga,721
36107,Tioga,455
28139,Tippah,506
18157,Tippecanoe,642
47167,Tipton,516
18159,Tipton,347
28141,Tishomingo,255
48449,Titus,649
27153,Todd,1645
21219,Todd,550
46121,Todd,205
9013,Tolland,271
48451,Tom Green,717
36109,Tompkins,365
49045,Tooele,240
30101,Toole,233
13279,Toombs,297
35057,Torrance,430
38095,Towner,408
13281,Towns,121
38097,Traill,429
37175,Transylvania,152
27155,Traverse,345
48453,Travis,889
30103,Treasure,78
20195,Trego,418
55121,Trempealeau,1210
13283,Treutlen,106
21221,Trigg,332
21223,Trimble,494
48455,Trinity,469
6105,Trinity,97
46123,Tripp,602
13285,Troup,224
47169,Trousdale,320
39155,Trumbull,748
54093,Tucker,161
6107,Tulare,3952
40143,Tulsa,687
28143,Tunica,59
6109,Tuolumne,225
46125,Turner,858
13287,Turner,229
1125,Tuscaloosa,382
39157,Tuscarawas,824
26157,Tuscola,937
13289,Twiggs,98
16083,Twin Falls,1200
48457,Tyler,385
54095,Tyler,222
37177,Tyrrell,78
56041,Uinta,216
49047,Uintah,620
36111,Ulster,342
41059,Umatilla,1142
47171,Unicoi,218
37179,Union,947
41061,Union,660
39159,Union,657
19175,Union,586
28145,Union,496
46127,Union,491
47173,Union,483
17181,Union,430
42119,Union,411
22111,Union,402
35059,Union,368
21225,Union,272
45087,Union,261
5139,Union,240
13291,Union,234
18161,Union,219
12125,Union,168
34039,Union,9
48459,Upshur,965
54097,Upshur,387
13293,Upson,162
48461,Upton,87
49049,Utah,1442
48463,Uvalde,503
48465,Val Verde,179
2261,Valdez-Cordova,0
35061,Valencia,532
30105,Valley,505
31175,Valley,420
16085,Valley,90
26159,Van Buren,1001
19177,Van Buren,624
5141,Van Buren,481
47175,Van Buren,186
39161,Van Wert,660
48467,Van Zandt,2059
37181,Vance,239
18163,Vanderburgh,244
42121,Venango,319
6111,Ventura,1530
22113,Vermilion,1010
17183,Vermilion,970
18165,Vermillion,259
55123,Vernon,1824
29217,Vernon,1104
22115,Vernon,447
48469,Victoria,895
18167,Vigo,457
55125,Vilas,31
39163,Vinton,183
51810,Virginia Beach,124
12127,Volusia,805
18169,Wabash,639
17185,Wabash,200
27157,Wabasha,814
20197,Wabaunsee,560
2270,Wade Hampton,0
27159,Wadena,551
40145,Wagoner,727
53069,Wahkiakum,103
37183,Wake,686
12129,Wakulla,81
23027,Waldo,304
48471,Walker,670
13295,Walker,472
1127,Walker,394
53071,Walla Walla,523
20199,Wallace,230
48473,Waller,790
41063,Wallowa,394
38099,Walsh,603
28147,Walthall,535
13297,Walton,381
12131,Walton,344
55127,Walworth,674
46129,Walworth,307
19179,Wapello,687
38101,Ward,961
48475,Ward,68
13299,Ware,270
21227,Warren,1709
47177,Warren,1161
19181,Warren,1057
39165,Warren,679
17187,Warren,654
34041,Warren,581
29219,Warren,465
18171,Warren,374
42123,Warren,356
37185,Warren,280
51187,Warren,182
28149,Warren,142
13301,Warren,120
36113,Warren,51
18173,Warrick,337
49051,Wasatch,235
41065,Wasco,383
27161,Waseca,658
56043,Washakie,139
55129,Washburn,282
5143,Washington,2313
51191,Washington,1724
48477,Washington,1715
47179,Washington,1653
41067,Washington,1424
42125,Washington,1263
21229,Washington,951
18175,Washington,836
19183,Washington,810
39167,Washington,788
22117,Washington,754
20201,Washington,740
24043,Washington,722
55131,Washington,715
17189,Washington,702
8121,Washington,660
36115,Washington,607
40147,Washington,603
31177,Washington,587
27163,Washington,562
29221,Washington,426
16087,Washington,368
1129,Washington,339
23029,Washington,332
49053,Washington,304
50023,Washington,286
12133,Washington,259
13303,Washington,249
37187,Washington,190
44009,Washington,170
28151,Washington,165
40149,Washita,882
32031,Washoe,250
26161,Washtenaw,905
37189,Watauga,619
27165,Watonwan,594
55133,Waukesha,567
55135,Waupaca,1039
55137,Waushara,524
39169,Wayne,1337
17191,Wayne,880
36117,Wayne,773
37191,Wayne,769
21231,Wayne,736
18177,Wayne,667
19185,Wayne,638
31179,Wayne,561
42127,Wayne,551
47181,Wayne,550
28153,Wayne,421
29223,Wayne,330
13305,Wayne,263
26163,Wayne,235
54099,Wayne,164
49055,Wayne,155
51820,Waynesboro,0
47183,Weakley,749
48479,Webb,324
49057,Weber,783
29225,Webster,1408
19187,Webster,908
31181,Webster,400
21233,Webster,399
22119,Webster,343
28155,Webster,234
54101,Webster,86
13307,Webster,67
8123,Weld,2353
18179,Wells,622
38103,Wells,556
22121,West Baton Rouge,70
22123,West Carroll,443
22125,West Feliciana,159
36119,Westchester,57
42129,Westmoreland,979
51193,Westmoreland,117
56045,Weston,184
54103,Wetzel,188
26165,Wexford,171
48481,Wharton,1011
53073,Whatcom,1176
30107,Wheatland,110
48483,Wheeler,384
31183,Wheeler,156
13309,Wheeler,143
41069,Wheeler,123
5145,White,1268
47185,White,948
18181,White,565
17193,White,362
13311,White,261
32033,White Pine,90
17195,Whiteside,959
13313,Whitfield,366
18183,Whitley,652
21235,Whitley,345
53075,Whitman,712
30109,Wibaux,135
48485,Wichita,434
20203,Wichita,233
24045,Wicomico,587
48487,Wilbarger,389
13315,Wilcox,253
1131,Wilcox,204
37193,Wilkes,1028
13317,Wilkes,282
27167,Wilkin,403
28157,Wilkinson,170
13319,Wilkinson,86
17197,Will,845
48489,Willacy,188
38105,Williams,733
39171,Williams,666
45089,Williamsburg,627
51830,Williamsburg,0
48491,Williamson,1624
47187,Williamson,1115
17199,Williamson,498
48493,Wilson,1530
47189,Wilson,1483
20205,Wilson,496
37195,Wilson,368
51840,Winchester,0
9015,Windham,372
50025,Windham,224
50027,Windsor,436
48495,Winkler,19
22127,Winn,141
55139,Winnebago,718
17201,Winnebago,594
19189,Winnebago,536
19191,Winneshiek,1243
27169,Winona,910
1133,Winston,520
28159,Winston,453
54105,Wirt,175
48497,Wise,1629
51195,Wise,114
21237,Wolfe,417
48499,Wood,1190
55141,Wood,922
39173,Wood,914
54107,Wood,446
19193,Woodbury,1087
17203,Woodford,805
21239,Woodford,529
5147,Woodruff,167
40151,Woods,572
20207,Woodson,333
40153,Woodward,661
25027,Worcester,849
24047,Worcester,396
19195,Worth,561
13321,Worth,387
29227,Worth,283
2275,Wrangell,0
27171,Wright,1417
29229,Wright,1238
19197,Wright,682
39175,Wyandot,554
20209,Wyandotte,146
36121,Wyoming,610
42131,Wyoming,266
54109,Wyoming,51
51197,Wythe,651
37197,Yadkin,839
53077,Yakima,2989
2282,Yakutat,0
28161,Yalobusha,239
41071,Yamhill,1488
37199,Yancey,608
46135,Yankton,616
36123,Yates,532
4025,Yavapai,340
28163,Yazoo,409
5149,Yell,745
27173,Yellow Medicine,818
30111,Yellowstone,815
30113,Yellowstone National Park,0
48501,Yoakum,210
6113,Yolo,655
42133,York,1456
31185,York,645
45091,York,607
23031,York,421
51199,York,47
48503,Young,568
6115,Yuba,569
2290,Yukon-Koyukuk,0
8125,Yuma,731
4027,Yuma,344
48505,Zapata,274
48507,Zavala,178
46137,Ziebach,224
